Risk_Level,Count,Percentage,Avg_Risk_30D,Avg_Age
High Risk,16308,28.79,70.14336521952416,89.8112582781457
Moderate Risk,13359,23.59,50.325548319484994,90.14050452878209
Very Low Risk,9756,17.22,17.04059040590406,69.53526035260353
Low Risk,9014,15.91,24.558464610605725,89.60561349012647
Very High Risk,8204,14.48,91.9527059970746,90.35860555826426
